{
    "events": [
        {
            "gameId": "Fortnite",
            "eventId": "EraTournament",
            "regions": [
                "EU"
            ],
            "regionMappings": {},
            "platforms": [
                "XboxOneGDK",
                "PS4",
                "XboxOne",
                "XSX",
                "Android",
                "PS5",
                "Switch",
                "Windows"
            ],
            "platformMappings": {},
            "displayDataId": "EraTournament",
            "eventGroup": "",
            "announcementTime": "2019-01-29T08:00:00.000Z",
            "appId": null,
            "environment": null,
            "metadata": {
                "minimumAccountLevel": 0
            },
            "eventWindows": [
                {
                    "eventWindowId": "EraTournament_Event1",
                    "eventTemplateId": "EventTemplate_EraTournament",
                    "countdownBeginTime": "2021-01-01T01:00:00.000Z",
                    "beginTime": "2021-01-01T01:00:00.000Z",
                    "endTime": "9999-01-01T01:00:00.000Z",
                    "blackoutPeriods": [],
                    "round": 0,
                    "payoutDelay": 0,
                    "isTBD": false,
                    "canLiveSpectate": false,
                    "scoreLocations": [],
                    "visibility": "unlocked",
                    "requireAllTokens": [],
                    "requireAnyTokens": [],
                    "requireNoneTokensCaller": [],
                    "requireAllTokensCaller": [],
                    "requireAnyTokensCaller": [],
                    "additionalRequirements": [],
                    "teammateEligibility": "all",
                    "metadata": {
                        "ServerReplays": true,
                        "RoundType": "Qualifiers"
                    }
                }
            ],
            "beginTime": "2021-01-01T01:00:00.000Z",
            "endTime": "9999-01-01T01:00:00.000Z"
        }
    ],
    "player": {},
    "scores": [],
    "templates": [
        {
            "gameId": "Fortnite",
            "eventTemplateId": "EventTemplate_EraTournament",
            "playlistId": "Playlist_Playground",
            "matchCap": 0,
            "liveSessionAttributes": [],
            "scoringRules": []
        }
    ]
}